Day;Month;Type;Description;Bill#;Supplier; Total ; Paid ;;;
01/01/2026;1;Fixed Expenses;Paque Banque BNA;;BNA; 12 TND ; 12 TND ;;;
01/01/2026;1;Fixed Expenses;Due Comptable 2025;;Comptable; 100 TND ;;;;
06/01/2026;1;Fixed Expenses;Loyer;;Locataire; 600 TND ; 600 TND ;;;
06/01/2026;1;Consumables;Goblet + Javel;;Cabinet; 20 TND ; 20 TND ;;;
12/01/2026;1;Fixed Expenses;Payement Comptable;;Comptable; 100 TND ; 200 TND ;;;
15/01/2026;1;Fixed Expenses;Retenu … la source;;Recette de Finance; 205 TND ; 205 TND ;;;
26/01/2026;1;Consumables;Revo s+ *4;;IMS; 200 TND ; 200 TND ;;;
28/01/2026;1;Consumables;Papier;;Cabinet; 25 TND ; 25 TND ;;;
29/01/2026;1;Fixed Expenses;Facture Orange Decembre;;Orange; 34 TND ; 34 TND ;;;
01/02/2026;2;Fixed Expenses;Paque Banque BNA;;BNA; 12 TND ; 12 TND ;;;
06/02/2026;2;Fixed Expenses;Loyer;;Locataire; 600 TND ; 600 TND ;;;
07/02/2026;2;Fixed Expenses;Payment facture topnet 01/02/03;;Utilit‚; 154 TND ; 154 TND ;;;
14/02/2026;2;Consumables;Papier;;Cabinet; 10 TND ; 10 TND ;;;
15/02/2026;2;Fixed Expenses;Payement Comptable;;Comptable; 100 TND ; 100 TND ;;;
15/02/2026;2;Fixed Expenses;Retenu … la source;;Recette de Finance; 233 TND ; 233 TND ;;;
16/02/2026;2;ETC;Carte Visite *1200;;Belhassen Ayari; 120 TND ; 120 TND ;;;
25/02/2026;2;Fixed Expenses;Facture ‚lectricit‚;;STEG; 50 TND ; 50 TND ;;;
26/02/2026;2;Fixed Expenses;Facture Orange Janvier;;Orange; 34 TND ; 34 TND ;;;
01/03/2026;3;Fixed Expenses;Paque Banque BNA;;BNA; 12 TND ; 12 TND ;;;
08/03/2026;3;Fixed Expenses;Loyer;;Locataire; 600 TND ; 600 TND ;;;
11/03/2026;3;Consumables;cotton+ compress+c,fluide + bavette + applicatuer adhesif;033-2026;TRAFEZ INVEST; 242 TND ; 242 TND ;;;
23/03/2026;3;Fixed Expenses;Payement Comptable;;Comptable; 100 TND ;;;;
14/03/2026;3;Fixed Expenses;Facture Labo;Lab-IMEN-012026;ART DENT; 610 TND ; 610 TND ;;;
16/03/2026;3;Fixed Expenses;Retenu … la source;;Recette de Finance; 225 TND ; 225 TND ;;;
16/03/2026;3;Consumables;Porte empreinte + pate d‚tartrage + alginate;034-2026;TRAFEZ INVEST; 134 TND ;;;;
01/04/2026;4;Fixed Expenses;Paque Banque BNA;;BNA; 12 TND ; 12 TND ;;;
01/04/2026;4;Fixed Expenses;Facture Orange Fverier;;Orange; 34 TND ; 34 TND ;;;
03/04/2026;4;Consumables;Papier + Goblets;;Cabinet; 10 TND ; 10 TND ;;;
06/04/2026;4;Fixed Expenses;Loyer;;Locataire; 600 TND ; 600 TND ;;;
14/04/2026;4;Fixed Expenses;Facture STEG 042026;;STEG; 52 TND ; 52 TND ;;;
15/04/2026;4;Fixed Expenses;Payement Comptable Mars + Avril;;Comptable; 100 TND ; 200 TND ;;;
15/04/2026;4;Consumables;Seringue 3ml;034-2026;TRAFEZ INVEST; 25 TND ; 159 TND ;;;
15/04/2026;4;Fixed Expenses;Retenu … la source;;Recette de Finance; 205 TND ; 205 TND ;;;
15/04/2026;4;Fixed Expenses;P‚nalit‚ de retard 3Šme tranche 2025;;Recette de Finance; 20 TND ; 20 TND ;;;
29/04/2026;4;ETC;Sonnette pour cabinet;;Cabinet; 20 TND ; 20 TND ;;;
01/05/2026;5;Fixed Expenses;Paque Banque BNA;;BNA; 12 TND ; 12 TND ;;;
04/05/2026;5;Fixed Expenses;Facture Orange MAI;;Orange; 34 TND ; 34 TND ;;;
04/05/2026;5;Fixed Expenses;Payment facture topnet 04/05/06;;Utilit‚; 154 TND ; 154 TND ;;;
04/05/2026;5;Fixed Expenses;Loyer;;Locataire; 600 TND ; 600 TND ;;;
04/05/2026;5;ETC;Carte Telephonique;;Cabinet; 5 TND ; 5 TND ;;;
15/05/2026;5;Fixed Expenses;Retenu … la source;;Recette de Finance; 223 TND ; 223 TND ;;;
15/05/2026;5;Fixed Expenses;Payement Comptable;;Comptable; 100 TND ; 100 TND ;;;
25/05/2026;5;Consumables;Javel + papier;;Cabinet; 10 TND ; 10 TND ;;;
;1;;;;;;;;;
01/06/2026;6;Consumables;Gutta *4 boule turbine 1/4 de rond transmetal betaseptine paquet gants;06-2026;TRAFEZ INVEST; 584 TND ; 400 TND ;;;
01/06/2026;6;Fixed Expenses;Paque Banque BNA;;BNA; 12 TND ; 12 TND ;;;
01/06/2026;6;Fixed Expenses;Facture Orange Juin;;Orange; 34 TND ; 34 TND ;;;
03/06/2026;6;Fixed Expenses;Facture Labo;Lab-IMEN-052026;ART DENT; 650 TND ; 650 TND ;;;
05/06/2026;6;Fixed Expenses;Loyer;;Locataire; 600 TND ; 600 TND ;;;
15/06/2026;6;Fixed Expenses;Retenu … la source;;Recette de Finance; 180 TND ; 180 TND ;;;
30/06/2026;6;ETC;fixation aspiration;;Cabinet; 270 TND ; 200 TND ;;;
30/06/2026;6;Fixed Expenses;Facture Orange Juillet;;Orange; 34 TND ; 34 TND ;;;
30/06/2026;6;Fixed Expenses;Payement Facture electiricit‚;;STEG; 73 TND ; 73 TND ;;;
01/07/2026;7;Fixed Expenses;Paque Banque BNA;;BNA; 12 TND ; 12 TND ;;;
06/07/2026;7;Fixed Expenses;Loyer;;Locataire; 600 TND ; 600 TND ;;;
06/07/2026;7;Consumables;Papier;;Cabinet; 30 TND ; 30 TND ;;;
15/07/2026;7;Fixed Expenses;Retenu … la source;;Recette de Finance; 161 TND ; 161 TND ;;;
18/07/2026;7;Consumables;Endo tips;;Syphax; 82 TND ; 82 TND ;;;
20/07/2026;7;Fixed Expenses;Avance Facture labo;Lab-IMEN-072026;ART DENT; 640 TND ; 250 TND ;;;
21/07/2026;7;Fixed Expenses;Avance Facture labo;Lab-IMEN-072026;ART DENT;; 100 TND ;;;
21/07/2026;7;Fixed Expenses;Payement Comptable Juin + Juillet;;Comptable; 200 TND ; 200 TND ;;;
22/07/2026;7;Fixed Expenses;Avance Facture labo;Lab-IMEN-072026;ART DENT;; 290 TND ;;;
31/07/2026;7;Fixed Expenses;Payement Topnet;;Topnet; 153 TND ; 153 TND ;;;
01/08/2026;8;Fixed Expenses;Paque Banque BNA;;BNA; 12 TND ; 12 TND ;;;
05/08/2026;8;Fixed Expenses;Loyer;;Locataire; 600 TND ; 600 TND ;;;
11/08/2026;8;Fixed Expenses;Payement Comptable;;Comptable; 100 TND ; 100 TND ;;;
14/08/2026;8;Fixed Expenses;Facture Orange;;Orange; 34 TND ; 34 TND ;;;
17/08/2026;8;Fixed Expenses;Retenu … la source;;Recette de Finance; 151 TND ; 151 TND ;;;
24/08/2026;8;Fixed Expenses;Payement Facture electiricit‚;;STEG; 288 TND ; 288 TND ;;;
24/08/2026;8;Fixed Expenses;Facture Orange;;Orange; 34 TND ; 34 TND ;;;
01/09/2026;9;Fixed Expenses;Paque Banque BNA;;BNA; 12 TND ; 12 TND ;;;
10/09/2026;9;Fixed Expenses;Loyer Septembre;;Locataire; 600 TND ; 600 TND ;;;
10/09/2026;9;Fixed Expenses;Facture SONEDE;;Locataire; 17 TND ; 17 TND ;;;
15/09/2026;9;Fixed Expenses;Retenu … la source;;Recette de Finance; 122 TND ; 122 TND ;;;
16/09/2026;9;Consumables;;06-2026;TRAFEZ INVEST;; 184 TND ;;;
16/09/2026;9;ETC;fixation aspiration;;Cabinet;; 70 TND ;;;
19/09/2026;9;ETC;fixation p‚dale;;Cabinet; 40 TND ; 40 TND ;;;
;1;;;;;;;;;
;;;Bill Total; 13 073 TND ;Paid Total; 13 073,0 TND ; -    TND ;;;
;;;;;;;;;;
;;;;;;;;;;
;;;;;;;;;;
;;;;;;;;;;
;;;;;;;;;;
;;;;;;;;;;
;;;;;;;;;;
;;;;;;;;;;
;;;;;;;;;;
;;;;;;;;;;
;;;;;;;;;;
;;;;;;;;;;
;;;;;;;;;;
;;;;;;;;;;
;;;;;;;;;;
;;;;;;;;;;
;;;;;;;;;;
;;;;;;;;;;
;;;;;;;;;;
;;;;;;;;;;
;;;;;;;;;;
;;;;;;;;;;
;;;;;;;;;;
;;;;;;;;;;
;;;;;;;;;;
;;;;;;;;;;
;;;;;;;;;;
;;;;;;;;;;
;;;;;;;;;;
;;;;;;;;;;
;;;;;;;;;;
;;;;;;;;;;
;;;;;;;;;;
;;;;;;;;;;
;;;;;;;;;;
;;;;;;;;;;
;;;;;;;;;;
;;;;;;;;;;
;;;;;;;;;;
;;;;;;;;;;
;;;;;;;;;;
;;;;;;;;;;
;;;;;;;;;;
;;;;;;;;;;
;;;;;;;;;;
;;;;;;;;;;
;;;;;;;;;;
;;;;;;;;;;
;;;;;;;;;;
;;;;;;;;;;
;;;;;;;;;;
;;;;;;;;;;
;;;;;;;;;;
;;;;;;;;;;
;;;;;;;;;;
;;;;;;;;;;
;;;;;;;;;;
;;;;;;;;;;
