date;day_type;num_patients;amount;;;;;;;;
01/01/2026;Holiday;0; - TND ;;;;;;;;
02/01/2026;Leave;0; - TND ;;;;;;;;
03/01/2026;Working Day;4;330 TND;;;;;;;;
04/01/2026;Sunday;0; - TND ;;;;;;;;
05/01/2026;Working Day;4;280 TND;;;;;;;;
06/01/2026;Working Day;3;200 TND;;;;;;;;
07/01/2026;Working Day;2;140 TND;;;;;;;;
08/01/2026;Working Day;2;170 TND;;;;;;;;
09/01/2026;Working Day;5;350 TND;;;;;;;;
10/01/2026;Working Day;2;230 TND;;;;;;;;
11/01/2026;Sunday;0; - TND ;;;;;;;;
12/01/2026;Working Day;3;130 TND;;;;;;;;
13/01/2026;Working Day;3;140 TND;;;;;;;;
14/01/2026;Working Day;1;60 TND;;;;;;;;
15/01/2026;Working Day;1;100 TND;;;;;;;;
16/01/2026;Working Day;2;130 TND;;;;;;;;
17/01/2026;Working Day;0; - TND ;;;;;;;;
18/01/2026;Sunday;0; - TND ;;;;;;;;
19/01/2026;Working Day;5;340 TND;;;;;;;;
20/01/2026;Working Day;0; - TND ;;;;;;;;
21/01/2026;Working Day;2;130 TND;;;;;;;;
22/01/2026;Working Day;4;370 TND;;;;;;;;
23/01/2026;Working Day;3;220 TND;;;;;;;;
24/01/2026;Working Day;2;170 TND;;;;;;;;
25/01/2026;Sunday;0; - TND ;;;;;;;;
26/01/2026;Working Day;4;200 TND;;;;;;;;
27/01/2026;Working Day;2;130 TND;;;;;;;;
28/01/2026;Working Day;1;150 TND;;;;;;;;
29/01/2026;Working Day;3;140 TND;;;;;;;;
30/01/2026;Working Day;3;150 TND;;;;;;;;
31/01/2026;Working Day;1;150 TND;;;;;;;;
01/02/2026;Sunday;0; - TND ;;;;;;;;
02/02/2026;Working Day;2;70 TND;;;;;;;;
03/02/2026;Working Day;1;80 TND;;;;;;;;
04/02/2026;Working Day;5;1 060 TND;;;;;;;;
05/02/2026;Working Day;1;80 TND;;;;;;;;
06/02/2026;Working Day;0; - TND ;;;;;;;;
07/02/2026;Working Day;4;370 TND;;;;;;;;
08/02/2026;Sunday;0; - TND ;;;;;;;;
09/02/2026;Working Day;4;270 TND;;;;;;;;
10/02/2026;Working Day;0; - TND ;;;;;;;;
11/02/2026;Working Day;2;210 TND;;;;;;;;
12/02/2026;Working Day;3;680 TND;;;;;;;;
13/02/2026;Leave;0; - TND ;;;;;;;;
14/02/2026;Working Day;5;430 TND;;;;;;;;
15/02/2026;Sunday;0; - TND ;;;;;;;;
16/02/2026;Working Day;4;250 TND;;;;;;;;
17/02/2026;Working Day;0; - TND ;;;;;;;;
18/02/2026;Working Day;2;170 TND;;;;;;;;
19/02/2026;Working Day;0; - TND ;;;;;;;;
20/02/2026;Working Day;1;80 TND;;;;;;;;
21/02/2026;Working Day;4;200 TND;;;;;;;;
22/02/2026;Sunday;0; - TND ;;;;;;;;
23/02/2026;Working Day;4;200 TND;;;;;;;;
24/02/2026;Working Day;3;210 TND;;;;;;;;
25/02/2026;Working Day;2;110 TND;;;;;;;;
26/02/2026;Working Day;3;830 TND;;;;;;;;
27/02/2026;Working Day;1;60 TND;;;;;;;;
28/02/2026;Working Day;0; - TND ;;;;;;;;
01/03/2026;Sunday;0; - TND ;;;;;;;;
02/03/2026;Working Day;3;400 TND;;;;;;;;
03/03/2026;Working Day;2;120 TND;;;;;;;;
04/03/2026;Working Day;0; - TND ;;;;;;;;
05/03/2026;Working Day;4;450 TND;;;;;;;;
06/03/2026;Working Day;1;40 TND;;;;;;;;
07/03/2026;Working Day;0; - TND ;;;;;;;;
08/03/2026;Sunday;0; - TND ;;;;;;;;
09/03/2026;Working Day;4;320 TND;;;;;;;;
10/03/2026;Working Day;1;50 TND;;;;;;;;
11/03/2026;Working Day;0; - TND ;;;;;;;;
12/03/2026;Working Day;2;370 TND;;;;;;;;
13/03/2026;Working Day;0; - TND ;;;;;;;;
14/03/2026;Working Day;0; - TND ;;;;;;;;
15/03/2026;Sunday;0; - TND ;;;;;;;;
16/03/2026;Working Day;4;320 TND;;;;;;;;
17/03/2026;Working Day;0; - TND ;;;;;;;;
18/03/2026;Working Day;2;160 TND;;;;;;;;
19/03/2026;Working Day;1;90 TND;;;;;;;;
20/03/2026;Leave;0; - TND ;;;;;;;;
21/03/2026;Leave;0; - TND ;;;;;;;;
22/03/2026;Sunday;0; - TND ;;;;;;;;
23/03/2026;Working Day;4;310 TND;;;;;;;;
24/03/2026;Working Day;1;80 TND;;;;;;;;
25/03/2026;Working Day;4;340 TND;;;;;;;;
26/03/2026;Working Day;0; - TND ;;;;;;;;
27/03/2026;Working Day;1;100 TND;;;;;;;;
28/03/2026;Working Day;3;180 TND;;;;;;;;
29/03/2026;Sunday;0; - TND ;;;;;;;;
30/03/2026;Working Day;6;470 TND;;;;;;;;
31/03/2026;Working Day;2;140 TND;;;;;;;;
01/04/2026;Working Day;2;140 TND;;;;;;;;
02/04/2026;Working Day;1;70 TND;;;;;;;;
03/04/2026;Working Day;2;95 TND;;;;;;;;
04/04/2026;Working Day;2;130 TND;;;;;;;;
05/04/2026;Sunday;0; - TND ;;;;;;;;
06/04/2026;Working Day;2;120 TND;;;;;;;;
07/04/2026;Working Day;1;70 TND;;;;;;;;
08/04/2026;Working Day;1;60 TND;;;;;;;;
09/04/2026;Leave;0; - TND ;;;;;;;;
10/04/2026;Working Day;1;80 TND;;;;;;;;
11/04/2026;Working Day;4;440 TND;;;;;;;;
12/04/2026;Sunday;0; - TND ;;;;;;;;
13/04/2026;Working Day;4;260 TND;;;;;;;;
14/04/2026;Working Day;3;220 TND;;;;;;;;
15/04/2026;Working Day;1;80 TND;;;;;;;;
16/04/2026;Working Day;1;80 TND;;;;;;;;
17/04/2026;Working Day;1;80 TND;;;;;;;;
18/04/2026;Working Day;3;380 TND;;;;;;;;
19/04/2026;Sunday;0; - TND ;;;;;;;;
20/04/2026;Working Day;4;290 TND;;;;;;;;
21/04/2026;Working Day;2;190 TND;;;;;;;;
22/04/2026;Working Day;2;130 TND;;;;;;;;
23/04/2026;Working Day;5;340 TND;;;;;;;;
24/04/2026;Working Day;2;130 TND;;;;;;;;
25/04/2026;Working Day;1;110 TND;;;;;;;;
26/04/2026;Sunday;0; - TND ;;;;;;;;
27/04/2026;Working Day;3;180 TND;;;;;;;;
28/04/2026;Working Day;2;170 TND;;;;;;;;
29/04/2026;Working Day;0; - TND ;;;;;;;;
30/04/2026;Working Day;2;190 TND;;;;;;;;
01/05/2026;Leave;0; - TND ;;;;;;;;
02/05/2026;Working Day;2;160 TND;;;;;;;;
03/05/2026;Sunday;0; - TND ;;;;;;;;
04/05/2026;Working Day;3;140 TND;;;;;;;;
05/05/2026;Working Day;4;290 TND;;;;;;;;
06/05/2026;Working Day;2;100 TND;;;;;;;;
07/05/2026;Working Day;2;140 TND;;;;;;;;
08/05/2026;Working Day;1;150 TND;;;;;;;;
09/05/2026;Working Day;2;130 TND;;;;;;;;
10/05/2026;Sunday;0; - TND ;;;;;;;;
11/05/2026;Working Day;3;170 TND;;;;;;;;
12/05/2026;Working Day;3;240 TND;;;;;;;;
13/05/2026;Working Day;3;190 TND;;;;;;;;
14/05/2026;Working Day;2;150 TND;;;;;;;;
15/05/2026;Working Day;1;60 TND;;;;;;;;
16/05/2026;Working Day;3;150 TND;;;;;;;;
17/05/2026;Sunday;0; - TND ;;;;;;;;
18/05/2026;Working Day;1;60 TND;;;;;;;;
19/05/2026;Working Day;3;190 TND;;;;;;;;
20/05/2026;Working Day;2;150 TND;;;;;;;;
21/05/2026;Working Day;5;360 TND;;;;;;;;
22/05/2026;Working Day;6;540 TND;;;;;;;;
23/05/2026;Working Day;4;480 TND;;;;;;;;
24/05/2026;Sunday;0; - TND ;;;;;;;;
25/05/2026;Working Day;3;320 TND;;;;;;;;
26/05/2026;Working Day;1;110 TND;;;;;;;;
27/05/2026;Leave;0; - TND ;;;;;;;;
28/05/2026;Leave;0; - TND ;;;;;;;;
29/05/2026;Working Day;1;50 TND;;;;;;;;
30/05/2026;Working Day;2;120 TND;;;;;;;;
31/05/2026;Sunday;0; - TND ;;;;;;;;
01/06/2026;Working Day;2;130 TND;;;;;;;;
02/06/2026;Working Day;2;180 TND;;;;;;;;
03/06/2026;Working Day;6;590 TND;;;;;;;;
04/06/2026;Working Day;2;90 TND;;;;;;;;
05/06/2026;Working Day;2;180 TND;;;;;;;;
06/06/2026;Working Day;2;140 TND;;;;;;;;
07/06/2026;Sunday;0; - TND ;;;;;;;;
08/06/2026;Working Day;2;130 TND;;;;;;;;
09/06/2026;Working Day;1;70 TND;;;;;;;;
10/06/2026;Working Day;4;290 TND;;;;;;;;
11/06/2026;Working Day;2;150 TND;;;;;;;;
12/06/2026;Working Day;1;40 TND;;;;;;;;
13/06/2026;Working Day;1;70 TND;;;;;;;;
14/06/2026;Sunday;0; - TND ;;;;;;;;
15/06/2026;Working Day;1;80 TND;;;;;;;;
16/06/2026;Leave;0; - TND ;;;;;;;;
17/06/2026;Working Day;2;260 TND;;;;;;;;
18/06/2026;Working Day;1;120 TND;;;;;;;;
19/06/2026;Working Day;3;250 TND;;;;;;;;
20/06/2026;Working Day;4;310 TND;;;;;;;;
21/06/2026;Sunday;0; - TND ;;;;;;;;
22/06/2026;Working Day;3;240 TND;;;;;;;;
23/06/2026;Working Day;3;210 TND;;;;;;;;
24/06/2026;Working Day;5;750 TND;;;;;;;;
25/06/2026;Working Day;1;85 TND;;;;;;;;
26/06/2026;Working Day;1;100 TND;;;;;;;;
27/06/2026;Working Day;2;150 TND;;;;;;;;
28/06/2026;Sunday;0; - TND ;;;;;;;;
29/06/2026;Working Day;5;350 TND;;;;;;;;
30/06/2026;Working Day;2;320 TND;;;;;;;;
01/07/2026;Working Day;1;120 TND;;;;;;;;
02/07/2026;Working Day;1;50 TND;;;;;;;;
03/07/2026;Working Day;3;260 TND;;;;;;;;
04/07/2026;Working Day;1;100 TND;;;;;;;;
05/07/2026;Sunday;0; - TND ;;;;;;;;
06/07/2026;Working Day;3;530 TND;;;;;;;;
07/07/2026;Working Day;4;330 TND;;;;;;;;
08/07/2026;Working Day;1;90 TND;;;;;;;;
09/07/2026;Working Day;1;90 TND;;;;;;;;
10/07/2026;Working Day;3;230 TND;;;;;;;;
11/07/2026;Working Day;2;130 TND;;;;;;;;
12/07/2026;Sunday;0; - TND ;;;;;;;;
13/07/2026;Working Day;2;150 TND;;;;;;;;
14/07/2026;Working Day;3;170 TND;;;;;;;;
15/07/2026;Working Day;2;200 TND;;;;;;;;
16/07/2026;Working Day;2;200 TND;;;;;;;;
17/07/2026;Working Day;1;400 TND;;;;;;;;
18/07/2026;Working Day;1;80 TND;;;;;;;;
19/07/2026;Sunday;0; - TND ;;;;;;;;
20/07/2026;Working Day;5;530 TND;;;;;;;;
21/07/2026;Working Day;2;200 TND;;;;;;;;
22/07/2026;Working Day;0; - TND ;;;;;;;;
23/07/2026;Working Day;1;200 TND;;;;;;;;
24/07/2026;Working Day;1;300 TND;;;;;;;;
25/07/2026;Working Day;;;;;;;;;;
26/07/2026;Sunday;0; - TND ;;;;;;;;
27/07/2026;Working Day;1;60 TND;;;;;;;;
28/07/2026;Working Day;2;110 TND;;;;;;;;
29/07/2026;Working Day;3;200 TND;;;;;;;;
30/07/2026;Working Day;3;220 TND;;;;;;;;
31/07/2026;Working Day;2;100 TND;;;;;;;;
01/08/2026;Leave;0; - TND ;;;;;;;;
02/08/2026;Leave;0; - TND ;;;;;;;;
03/08/2026;Leave;0; - TND ;;;;;;;;
04/08/2026;Leave;0; - TND ;;;;;;;;
05/08/2026;Leave;0; - TND ;;;;;;;;
06/08/2026;Leave;0; - TND ;;;;;;;;
07/08/2026;Leave;0; - TND ;;;;;;;;
08/08/2026;Leave;0; - TND ;;;;;;;;
09/08/2026;Sunday;0; - TND ;;;;;;;;
10/08/2026;Working Day;5;550 TND;;;;;;;;
11/08/2026;Working Day;2;230 TND;;;;;;;;
12/08/2026;Working Day;4;330 TND;;;;;;;;
13/08/2026;Leave;0; - TND ;;;;;;;;
14/08/2026;Working Day;2;100 TND;;;;;;;;
15/08/2026;Working Day;3;260 TND;;;;;;;;
16/08/2026;Sunday;0; - TND ;;;;;;;;
17/08/2026;Working Day;3;270 TND;;;;;;;;
18/08/2026;Working Day;3;190 TND;;;;;;;;
19/08/2026;Working Day;1;50 TND;;;;;;;;
20/08/2026;Working Day;1;70 TND;;;;;;;;
21/08/2026;Working Day;0; - TND ;;;;;;;;
22/08/2026;Working Day;2;180 TND;;;;;;;;
23/08/2026;Sunday;0; - TND ;;;;;;;;
24/08/2026;Working Day;3;150 TND;;;;;;;;
25/08/2026;Leave;0; - TND ;;;;;;;;
26/08/2026;Working Day;1;120 TND;;;;;;;;
27/08/2026;Working Day;3;200 TND;;;;;;;;
28/08/2026;Working Day;1;70 TND;;;;;;;;
29/08/2026;Working Day;1;70 TND;;;;;;;;
30/08/2026;Sunday;0; - TND ;;;;;;;;
31/08/2026;Leave;0; - TND ;;;;;;;;
01/09/2026;Working Day;1;120 TND;;;;;;;;
02/09/2026;Working Day;1;140 TND;;;;;;;;
03/09/2026;Working Day;2;160 TND;;;;;;;;
04/09/2026;Working Day;1;100 TND;;;;;;;;
05/09/2026;Working Day;0; - TND ;;;;;;;;
06/09/2026;Sunday;0; - TND ;;;;;;;;
07/09/2026;Working Day;1;40 TND;;;;;;;;
08/09/2026;Working Day;5;730 TND;;;;;;;;
09/09/2026;Working Day;3;360 TND;;;;;;;;
10/09/2026;Working Day;0; - TND ;;;;;;;;
11/09/2026;Working Day;6;480 TND;;;;;;;;
12/09/2026;Working Day;2;180 TND;;;;;;;;
13/09/2026;Sunday;0; - TND ;;;;;;;;
14/09/2026;Working Day;4;350 TND;;;;;;;;
15/09/2026;Working Day;3;360 TND;;;;;;;;
16/09/2026;Working Day;1;100 TND;;;;;;;;
17/09/2026;Working Day;3;390 TND;;;;;;;;
18/09/2026;Working Day;0; - TND ;;;;;;;;
19/09/2026;Working Day;1;50 TND;;;;;;;;
20/09/2026;Sunday;0; - TND ;;;;;;;;
21/09/2026;Working Day;5;570 TND;;;;;;;;
22/09/2026;;;;;;;;;;;
23/09/2026;;;;;;;;;;;
24/09/2026;;;;;;;;;;;
267;;454;39 500 TND;;;;;;;;